accuracy,precision,recall,f1,roc_auc
0.9692873051224944,0.9744925393198011,0.9790660769152851,0.9767739544910986,0.9978192064538942
